timestamp,price,bid,ask,volume
1766588460,48.000000,1.000000,95.000000,0.000000
1766588580,30.500000,1.000000,60.000000,0.000000
1766588700,31.000000,2.000000,60.000000,0.000000
1766588760,31.500000,3.000000,60.000000,0.000000
1766588880,23.000000,4.000000,42.000000,0.000000
1766589180,23.500000,5.000000,42.000000,0.000000
1766589360,42.000000,5.000000,42.000000,1.000000
1766589600,23.500000,5.000000,42.000000,0.000000
1766590680,23.000000,5.000000,41.000000,0.000000
1766590740,23.500000,5.000000,42.000000,0.000000
1766590800,23.500000,5.000000,42.000000,0.000000
1766590860,23.500000,5.000000,42.000000,0.000000
1766590920,23.500000,6.000000,41.000000,0.000000
1766591040,24.000000,6.000000,42.000000,0.000000
1766591100,24.000000,6.000000,42.000000,0.000000
1766591160,23.500000,6.000000,41.000000,0.000000
1766591280,23.000000,5.000000,41.000000,0.000000
1766591340,23.000000,5.000000,41.000000,0.000000
1766591400,23.000000,5.000000,41.000000,0.000000
1766591460,23.000000,5.000000,41.000000,0.000000
1766591520,23.000000,5.000000,41.000000,0.000000
1766591580,23.000000,5.000000,41.000000,0.000000
1766591640,23.000000,5.000000,41.000000,0.000000
1766591700,24.500000,6.000000,43.000000,0.000000
1766591760,24.500000,6.000000,43.000000,0.000000
1766592060,24.000000,5.000000,43.000000,0.000000
1766592120,24.000000,5.000000,43.000000,0.000000
1766592420,24.000000,6.000000,42.000000,0.000000
1766592480,24.000000,6.000000,42.000000,0.000000
1766592600,24.000000,6.000000,42.000000,0.000000
1766592780,24.000000,5.000000,43.000000,0.000000
1766592840,24.000000,5.000000,43.000000,0.000000
1766592900,24.000000,5.000000,43.000000,0.000000
1766592960,24.000000,5.000000,43.000000,0.000000
1766593020,24.000000,5.000000,43.000000,0.000000
1766593080,24.000000,5.000000,43.000000,0.000000
1766593140,24.000000,6.000000,42.000000,0.000000
1766593500,42.000000,5.000000,43.000000,4.000000
1766593560,24.000000,5.000000,43.000000,0.000000
1766593740,24.000000,5.000000,43.000000,0.000000
1766593860,24.000000,6.000000,42.000000,0.000000
1766593920,24.000000,6.000000,42.000000,0.000000
1766593980,24.000000,6.000000,42.000000,0.000000
1766594040,24.000000,6.000000,42.000000,0.000000
1766594220,24.000000,5.000000,43.000000,0.000000
1766594280,24.000000,5.000000,43.000000,0.000000
1766594340,24.000000,5.000000,43.000000,0.000000
1766594400,24.000000,5.000000,43.000000,0.000000
1766594460,24.000000,5.000000,43.000000,0.000000
1766594520,24.000000,5.000000,43.000000,0.000000
1766594580,24.000000,6.000000,42.000000,0.000000
1766594640,24.000000,6.000000,42.000000,0.000000
1766594700,24.000000,6.000000,42.000000,0.000000
1766594760,24.000000,6.000000,42.000000,0.000000
1766594820,24.000000,6.000000,42.000000,0.000000
1766594940,25.000000,7.000000,43.000000,0.000000
1766595000,25.000000,7.000000,43.000000,0.000000
1766595060,25.000000,7.000000,43.000000,0.000000
1766595120,25.000000,7.000000,43.000000,0.000000
1766595180,25.000000,7.000000,43.000000,0.000000
1766595240,25.000000,7.000000,43.000000,0.000000
1766595300,24.500000,7.000000,42.000000,0.000000
1766595360,25.000000,8.000000,42.000000,0.000000
1766595720,24.000000,7.000000,41.000000,0.000000
1766595780,24.500000,7.000000,42.000000,0.000000
1766596080,24.500000,8.000000,41.000000,0.000000
1766596140,24.500000,8.000000,41.000000,0.000000
1766596440,24.500000,7.000000,42.000000,0.000000
1766596500,24.500000,7.000000,42.000000,0.000000
1766596560,24.500000,7.000000,42.000000,0.000000
1766596620,23.500000,6.000000,41.000000,0.000000
1766596680,22.500000,6.000000,39.000000,0.000000
1766596740,24.000000,7.000000,41.000000,0.000000
1766596800,22.500000,8.000000,37.000000,0.000000
1766596860,22.500000,8.000000,37.000000,0.000000
1766596920,21.500000,8.000000,35.000000,0.000000
1766596980,19.000000,9.000000,29.000000,0.000000
1766597040,18.500000,8.000000,29.000000,0.000000
1766597100,19.000000,9.000000,29.000000,0.000000
1766597160,17.500000,6.000000,29.000000,0.000000
1766597220,20.500000,6.000000,35.000000,0.000000
1766597280,19.000000,7.000000,31.000000,0.000000
1766597340,19.500000,6.000000,33.000000,0.000000
1766597400,20.000000,8.000000,32.000000,0.000000
1766597460,16.500000,8.000000,25.000000,0.000000
1766597520,17.000000,6.000000,28.000000,0.000000
1766597580,18.500000,7.000000,30.000000,0.000000
1766597640,20.000000,7.000000,33.000000,0.000000
1766597700,20.500000,8.000000,33.000000,0.000000
1766597760,20.000000,8.000000,32.000000,0.000000
1766597820,20.000000,8.000000,32.000000,0.000000
1766597880,20.000000,8.000000,32.000000,0.000000
1766597940,20.000000,8.000000,32.000000,0.000000
1766598000,19.500000,8.000000,31.000000,0.000000
1766598060,19.500000,7.000000,32.000000,0.000000
1766598120,19.000000,8.000000,30.000000,0.000000
1766598180,20.000000,8.000000,32.000000,0.000000
1766598240,33.500000,32.000000,35.000000,0.000000
1766598300,32.500000,32.000000,33.000000,0.000000
1766598360,32.500000,32.000000,33.000000,0.000000
1766598420,33.000000,32.000000,34.000000,0.000000
1766598480,33.000000,32.000000,34.000000,0.000000
1766598540,32.500000,32.000000,33.000000,0.000000
1766598600,32.500000,32.000000,33.000000,0.000000
1766598660,32.500000,32.000000,33.000000,0.000000
1766598720,32.500000,32.000000,33.000000,0.000000
1766598780,32.000000,32.000000,33.000000,5.000000
1766598840,32.500000,32.000000,33.000000,0.000000
1766598900,33.000000,32.000000,34.000000,0.000000
1766598960,32.500000,32.000000,33.000000,0.000000
1766599080,33.000000,32.000000,34.000000,0.000000
1766599140,33.500000,32.000000,35.000000,0.000000
1766599320,32.500000,32.000000,33.000000,0.000000
1766599380,32.500000,32.000000,33.000000,0.000000
1766599440,32.500000,32.000000,33.000000,0.000000
1766599500,33.000000,32.000000,34.000000,0.000000
1766599560,34.500000,32.000000,37.000000,0.000000
1766599620,33.500000,32.000000,35.000000,0.000000
1766599680,32.500000,32.000000,33.000000,0.000000
1766599740,32.500000,32.000000,33.000000,0.000000
1766599860,32.500000,32.000000,33.000000,0.000000
1766599920,32.500000,32.000000,33.000000,0.000000
1766599980,33.000000,32.000000,34.000000,0.000000
1766600040,32.500000,32.000000,33.000000,0.000000
1766600100,33.000000,32.000000,34.000000,0.000000
1766600160,32.500000,32.000000,33.000000,0.000000
1766600220,32.500000,32.000000,33.000000,0.000000
1766600280,32.500000,32.000000,33.000000,0.000000
1766600400,32.500000,32.000000,33.000000,0.000000
1766600460,33.000000,32.000000,34.000000,0.000000
1766600520,33.500000,32.000000,35.000000,0.000000
1766600580,34.500000,32.000000,37.000000,0.000000
1766600700,32.500000,32.000000,33.000000,0.000000
1766600760,33.000000,32.000000,34.000000,0.000000
1766600820,34.000000,32.000000,36.000000,0.000000
1766600880,32.500000,32.000000,33.000000,0.000000
1766601000,33.000000,32.000000,34.000000,0.000000
1766601060,32.500000,32.000000,33.000000,0.000000
1766601180,33.000000,32.000000,34.000000,0.000000
1766601240,32.500000,32.000000,33.000000,0.000000
1766601300,32.500000,32.000000,33.000000,0.000000
1766601360,33.500000,32.000000,35.000000,0.000000
1766601480,32.500000,32.000000,33.000000,0.000000
1766601540,32.500000,32.000000,33.000000,0.000000
1766601600,33.000000,32.000000,34.000000,0.000000
1766601660,32.500000,32.000000,33.000000,0.000000
1766601720,32.500000,32.000000,33.000000,0.000000
1766601780,32.500000,32.000000,33.000000,0.000000
1766601840,32.500000,32.000000,33.000000,0.000000
1766601900,33.000000,32.000000,34.000000,0.000000
1766601960,33.000000,32.000000,34.000000,0.000000
1766602020,32.500000,32.000000,33.000000,0.000000
1766602080,33.000000,32.000000,34.000000,0.000000
1766602140,32.500000,32.000000,33.000000,0.000000
1766602200,32.500000,32.000000,33.000000,0.000000
1766602260,32.500000,32.000000,33.000000,0.000000
1766602320,32.500000,32.000000,33.000000,0.000000
1766602380,32.500000,32.000000,33.000000,0.000000
1766602440,32.500000,32.000000,33.000000,0.000000
1766602500,33.000000,27.000000,32.000000,4.000000
1766602560,24.000000,19.000000,29.000000,0.000000
1766602620,22.000000,16.000000,28.000000,0.000000
1766602680,21.500000,15.000000,28.000000,0.000000
1766602740,21.500000,16.000000,27.000000,0.000000
1766602800,21.500000,13.000000,30.000000,0.000000
1766602860,21.500000,14.000000,29.000000,0.000000
1766602920,21.000000,15.000000,27.000000,0.000000
1766602980,21.000000,14.000000,28.000000,0.000000
1766603040,22.000000,14.000000,30.000000,0.000000
1766603100,23.500000,17.000000,30.000000,0.000000
1766603160,24.000000,16.000000,32.000000,0.000000
1766603220,22.500000,17.000000,28.000000,0.000000
1766603280,22.000000,17.000000,27.000000,0.000000
1766603340,22.000000,17.000000,27.000000,0.000000
1766603400,22.000000,17.000000,27.000000,0.000000
1766603460,22.000000,17.000000,27.000000,0.000000
1766603520,21.500000,14.000000,29.000000,0.000000
1766603580,20.000000,11.000000,29.000000,0.000000
1766603640,20.500000,13.000000,28.000000,0.000000
1766603700,21.500000,12.000000,31.000000,0.000000
1766603760,19.500000,13.000000,26.000000,0.000000
1766603820,19.500000,14.000000,25.000000,0.000000
1766603880,19.500000,14.000000,25.000000,0.000000
1766603940,25.000000,17.000000,29.000000,92.000000
1766604000,28.000000,23.000000,33.000000,0.000000
1766604060,29.500000,25.000000,34.000000,0.000000
1766604120,30.000000,26.000000,34.000000,0.000000
1766604180,29.500000,26.000000,33.000000,0.000000
1766604240,31.500000,27.000000,36.000000,0.000000
1766604300,31.000000,27.000000,35.000000,0.000000
1766604360,32.000000,27.000000,37.000000,0.000000
1766604420,31.500000,28.000000,35.000000,0.000000
1766604480,33.000000,28.000000,38.000000,0.000000
1766604540,34.000000,28.000000,40.000000,0.000000
1766604600,32.500000,29.000000,36.000000,0.000000
1766604660,32.000000,31.000000,33.000000,0.000000
1766604720,32.500000,31.000000,34.000000,0.000000
1766604780,33.000000,31.000000,35.000000,0.000000
1766604840,33.000000,32.000000,37.000000,5.000000
1766604900,35.000000,33.000000,37.000000,0.000000
1766604960,35.000000,33.000000,37.000000,0.000000
1766605020,35.500000,34.000000,37.000000,0.000000
1766605080,36.000000,35.000000,37.000000,0.000000
1766605140,33.000000,30.000000,36.000000,0.000000
1766605200,31.000000,28.000000,34.000000,0.000000
1766605260,32.000000,29.000000,35.000000,0.000000
1766605320,31.500000,28.000000,35.000000,0.000000
1766605380,33.500000,29.000000,38.000000,0.000000
1766605440,33.000000,30.000000,36.000000,0.000000
1766605500,34.000000,31.000000,37.000000,0.000000
1766605560,34.000000,31.000000,37.000000,0.000000
1766605620,34.000000,31.000000,37.000000,0.000000
1766605680,35.000000,32.000000,38.000000,0.000000
1766605740,34.000000,32.000000,36.000000,0.000000
1766605800,35.000000,32.000000,38.000000,0.000000
1766605860,34.000000,31.000000,37.000000,0.000000
1766605920,35.000000,32.000000,38.000000,0.000000
1766605980,34.500000,32.000000,37.000000,0.000000
1766606040,34.000000,32.000000,36.000000,0.000000
1766606100,34.500000,33.000000,36.000000,0.000000
1766606160,35.000000,33.000000,37.000000,0.000000
1766606220,35.000000,33.000000,37.000000,0.000000
1766606280,35.500000,33.000000,38.000000,0.000000
1766606340,34.500000,33.000000,36.000000,0.000000
1766606400,35.500000,33.000000,38.000000,0.000000
1766606460,36.000000,33.000000,39.000000,0.000000
1766606520,37.000000,35.000000,39.000000,0.000000
1766606580,37.500000,35.000000,40.000000,0.000000
1766606640,37.500000,34.000000,41.000000,0.000000
1766606700,37.500000,35.000000,40.000000,0.000000
1766606760,38.000000,35.000000,41.000000,0.000000
1766606820,38.500000,35.000000,42.000000,0.000000
1766606880,38.000000,35.000000,41.000000,0.000000
1766606940,38.000000,34.000000,42.000000,0.000000
1766607000,39.000000,34.000000,44.000000,0.000000
1766607060,39.000000,36.000000,42.000000,0.000000
1766607120,37.500000,35.000000,40.000000,0.000000
1766607180,37.500000,35.000000,40.000000,0.000000
1766607240,37.000000,35.000000,39.000000,0.000000
1766607300,35.500000,32.000000,39.000000,0.000000
1766607360,33.500000,28.000000,39.000000,0.000000
1766607420,33.500000,29.000000,38.000000,0.000000
1766607480,34.000000,30.000000,38.000000,0.000000
1766607540,34.500000,31.000000,38.000000,0.000000
1766607600,34.000000,31.000000,37.000000,0.000000
1766607660,34.500000,32.000000,37.000000,0.000000
1766607720,34.500000,32.000000,37.000000,0.000000
1766607780,35.000000,32.000000,38.000000,0.000000
1766607840,34.500000,32.000000,37.000000,0.000000
1766607900,35.000000,33.000000,37.000000,0.000000
1766607960,35.500000,33.000000,38.000000,0.000000
1766608020,35.500000,34.000000,37.000000,0.000000
1766608080,37.000000,34.000000,40.000000,0.000000
1766608140,36.500000,34.000000,39.000000,0.000000
1766608200,36.000000,34.000000,38.000000,0.000000
1766608260,36.500000,34.000000,39.000000,0.000000
1766608320,36.500000,35.000000,38.000000,0.000000
1766608380,36.500000,34.000000,39.000000,0.000000
1766608440,37.500000,36.000000,39.000000,0.000000
1766608500,36.500000,35.000000,38.000000,0.000000
1766608560,35.500000,33.000000,38.000000,0.000000
1766608620,36.000000,33.000000,39.000000,0.000000
1766608680,36.000000,33.000000,39.000000,0.000000
1766608740,31.000000,29.000000,33.000000,0.000000
1766608800,29.000000,24.000000,34.000000,0.000000
1766608860,27.500000,22.000000,33.000000,0.000000
1766608920,29.000000,25.000000,33.000000,0.000000
1766608980,29.000000,25.000000,33.000000,0.000000
1766609040,29.000000,24.000000,34.000000,0.000000
1766609100,29.000000,25.000000,33.000000,0.000000
1766609160,28.000000,22.000000,34.000000,0.000000
1766609220,27.000000,20.000000,34.000000,0.000000
1766609280,29.500000,25.000000,34.000000,0.000000
1766609340,28.000000,22.000000,34.000000,0.000000
1766609400,29.000000,23.000000,35.000000,0.000000
1766609460,27.000000,20.000000,34.000000,0.000000
1766609520,26.500000,20.000000,33.000000,0.000000
1766609580,34.000000,13.000000,38.000000,56.000000
1766609640,31.000000,20.000000,42.000000,0.000000
1766609700,32.000000,34.000000,35.000000,15.000000
1766609760,34.500000,34.000000,35.000000,0.000000
1766609820,34.500000,34.000000,35.000000,0.000000
1766609880,34.500000,34.000000,35.000000,0.000000
1766609940,34.500000,34.000000,35.000000,0.000000
1766610000,34.500000,34.000000,35.000000,0.000000
1766610060,34.500000,34.000000,35.000000,0.000000
1766610120,34.500000,34.000000,35.000000,0.000000
1766610180,34.500000,34.000000,35.000000,0.000000
1766610240,34.500000,34.000000,35.000000,0.000000
1766610300,34.500000,34.000000,35.000000,0.000000
1766610360,34.500000,34.000000,35.000000,0.000000
1766610420,34.500000,34.000000,35.000000,0.000000
1766610480,34.500000,34.000000,35.000000,0.000000
1766610540,34.500000,34.000000,35.000000,0.000000
1766610600,34.500000,34.000000,35.000000,0.000000
1766610660,34.500000,34.000000,35.000000,0.000000
1766610720,34.500000,34.000000,35.000000,0.000000
1766610780,34.500000,34.000000,35.000000,0.000000
1766610840,34.500000,34.000000,35.000000,0.000000
1766610900,34.500000,34.000000,35.000000,0.000000
1766610960,34.500000,34.000000,35.000000,0.000000
1766611020,34.500000,34.000000,35.000000,0.000000
1766611080,34.500000,34.000000,35.000000,0.000000
1766611140,34.500000,34.000000,35.000000,0.000000
1766611200,34.500000,34.000000,35.000000,0.000000
1766611260,34.500000,34.000000,35.000000,0.000000
1766611320,34.500000,34.000000,35.000000,0.000000
1766611380,34.500000,34.000000,35.000000,0.000000
1766611440,34.500000,34.000000,35.000000,0.000000
1766611500,34.500000,34.000000,35.000000,0.000000
1766611560,34.500000,34.000000,35.000000,0.000000
1766611620,34.500000,34.000000,35.000000,0.000000
1766611680,34.500000,34.000000,35.000000,0.000000
1766611740,34.500000,34.000000,35.000000,0.000000
1766611800,34.500000,34.000000,35.000000,0.000000
1766611860,34.500000,34.000000,35.000000,0.000000
1766611920,34.500000,34.000000,35.000000,0.000000
1766611980,34.500000,34.000000,35.000000,0.000000
1766612040,34.500000,34.000000,35.000000,0.000000
1766612100,34.500000,34.000000,35.000000,0.000000
1766612160,34.500000,34.000000,35.000000,0.000000
1766612220,34.500000,34.000000,35.000000,0.000000
1766612280,34.500000,34.000000,35.000000,0.000000
1766612340,34.500000,34.000000,35.000000,0.000000
1766612400,35.000000,34.000000,36.000000,0.000000
1766612460,35.000000,34.000000,36.000000,0.000000
1766612520,35.000000,34.000000,36.000000,0.000000
1766612580,35.000000,34.000000,36.000000,0.000000
1766612640,35.000000,34.000000,36.000000,0.000000
1766612700,35.000000,34.000000,36.000000,0.000000
1766612760,34.500000,34.000000,35.000000,0.000000
1766612820,35.000000,34.000000,36.000000,0.000000
1766612880,35.000000,34.000000,36.000000,0.000000
1766612940,35.000000,34.000000,36.000000,0.000000
1766613000,34.500000,34.000000,35.000000,0.000000
1766613060,34.500000,34.000000,35.000000,0.000000
1766613120,34.500000,34.000000,35.000000,0.000000
1766613180,34.500000,34.000000,35.000000,0.000000
1766613240,34.500000,34.000000,35.000000,0.000000
1766613300,34.500000,34.000000,35.000000,0.000000
1766613360,34.500000,34.000000,35.000000,0.000000
1766613420,34.500000,34.000000,35.000000,0.000000
1766613480,34.500000,34.000000,35.000000,0.000000
1766613540,34.500000,34.000000,35.000000,0.000000
1766613600,34.500000,34.000000,35.000000,0.000000
1766613660,36.500000,34.000000,39.000000,0.000000
1766613720,36.000000,34.000000,38.000000,0.000000
1766613780,36.500000,34.000000,39.000000,0.000000
1766613840,40.000000,35.000000,39.000000,2.000000
1766613900,38.000000,36.000000,40.000000,0.000000
1766613960,35.500000,35.000000,36.000000,0.000000
1766614020,35.500000,35.000000,36.000000,0.000000
1766614080,35.500000,35.000000,36.000000,0.000000
1766614140,35.500000,35.000000,36.000000,0.000000
1766614200,35.500000,35.000000,36.000000,0.000000
1766614260,35.500000,35.000000,36.000000,0.000000
1766614320,35.500000,35.000000,36.000000,0.000000
1766614380,35.500000,35.000000,36.000000,0.000000
1766614440,35.500000,35.000000,36.000000,0.000000
1766614500,35.500000,35.000000,36.000000,0.000000
1766614560,35.500000,35.000000,36.000000,0.000000
1766614620,35.500000,35.000000,36.000000,0.000000
1766614680,35.500000,35.000000,36.000000,0.000000
1766614740,35.500000,35.000000,36.000000,0.000000
1766614800,35.500000,35.000000,36.000000,0.000000
1766614860,35.500000,35.000000,36.000000,0.000000
1766614920,35.500000,35.000000,36.000000,0.000000
1766614980,35.500000,35.000000,36.000000,0.000000
1766615040,35.500000,35.000000,36.000000,0.000000
1766615100,35.500000,35.000000,36.000000,0.000000
1766615160,35.500000,35.000000,36.000000,0.000000
1766615220,35.500000,35.000000,36.000000,0.000000
1766615280,35.500000,35.000000,36.000000,0.000000
1766615340,35.500000,35.000000,36.000000,0.000000
1766615400,35.500000,35.000000,36.000000,0.000000
1766615460,35.500000,35.000000,36.000000,0.000000
1766615520,35.500000,35.000000,36.000000,0.000000
1766615580,35.500000,35.000000,36.000000,0.000000
1766615640,35.500000,35.000000,36.000000,0.000000
1766615700,35.500000,35.000000,36.000000,0.000000
1766615760,35.500000,35.000000,36.000000,0.000000
1766615820,35.500000,35.000000,36.000000,0.000000
1766615880,35.500000,35.000000,36.000000,0.000000
1766615940,35.500000,35.000000,36.000000,0.000000
1766616000,35.500000,35.000000,36.000000,0.000000
1766616060,35.500000,35.000000,36.000000,0.000000
1766616120,35.500000,35.000000,36.000000,0.000000
1766616180,35.500000,35.000000,36.000000,0.000000
1766616240,35.500000,35.000000,36.000000,0.000000
1766616300,35.500000,35.000000,36.000000,0.000000
1766616360,35.500000,35.000000,36.000000,0.000000
1766616420,35.500000,35.000000,36.000000,0.000000
1766616480,35.500000,35.000000,36.000000,0.000000
1766616540,35.500000,35.000000,36.000000,0.000000
1766616600,35.500000,35.000000,36.000000,0.000000
1766616660,35.500000,35.000000,36.000000,0.000000
1766616720,35.000000,34.000000,36.000000,0.000000
1766616780,35.000000,34.000000,36.000000,0.000000
1766616840,35.500000,35.000000,36.000000,0.000000
1766616900,35.500000,35.000000,36.000000,0.000000
1766616960,35.500000,35.000000,36.000000,0.000000
1766617020,35.500000,35.000000,36.000000,0.000000
1766617080,35.500000,35.000000,36.000000,0.000000
1766617140,35.500000,35.000000,36.000000,0.000000
1766617200,34.500000,34.000000,35.000000,0.000000
1766617260,34.000000,34.000000,35.000000,6.000000
1766617320,34.500000,34.000000,35.000000,0.000000
1766617380,34.500000,34.000000,35.000000,0.000000
1766617440,34.000000,34.000000,35.000000,13.000000
1766617500,34.500000,34.000000,35.000000,0.000000
1766617560,34.500000,34.000000,35.000000,0.000000
1766617620,34.000000,28.000000,34.000000,12.000000
1766617680,30.500000,28.000000,33.000000,0.000000
1766617740,27.000000,25.000000,32.000000,92.000000
1766617800,20.000000,23.000000,27.000000,67.000000
1766617860,24.000000,22.000000,26.000000,0.000000
1766617920,21.000000,19.000000,23.000000,0.000000
1766617980,20.000000,18.000000,22.000000,0.000000
1766618040,19.000000,16.000000,22.000000,0.000000
1766618100,18.000000,15.000000,21.000000,0.000000
1766618160,17.500000,16.000000,19.000000,0.000000
1766618220,16.000000,14.000000,18.000000,0.000000
1766618280,15.500000,14.000000,17.000000,0.000000
1766618340,16.000000,15.000000,17.000000,0.000000
1766618400,16.500000,16.000000,17.000000,0.000000
1766618460,14.500000,13.000000,16.000000,0.000000
1766618520,16.500000,16.000000,17.000000,0.000000
1766618580,16.500000,16.000000,17.000000,0.000000
1766618640,16.500000,16.000000,17.000000,0.000000
1766618700,16.500000,16.000000,17.000000,0.000000
1766618760,16.500000,16.000000,17.000000,0.000000
1766618820,16.500000,16.000000,17.000000,0.000000
1766618880,16.500000,16.000000,17.000000,0.000000
1766618940,16.500000,16.000000,17.000000,0.000000
1766619000,16.500000,16.000000,17.000000,0.000000
1766619060,16.500000,16.000000,17.000000,0.000000
1766619120,16.500000,16.000000,17.000000,0.000000
1766619180,16.500000,16.000000,17.000000,0.000000
1766619240,16.500000,16.000000,17.000000,0.000000
1766619300,16.500000,16.000000,17.000000,0.000000
1766619360,16.500000,16.000000,17.000000,0.000000
1766619420,16.500000,16.000000,17.000000,0.000000
1766619480,16.500000,16.000000,17.000000,0.000000
1766619540,16.500000,16.000000,17.000000,0.000000
1766619600,16.500000,16.000000,17.000000,0.000000
1766619660,16.500000,16.000000,17.000000,0.000000
1766619720,16.500000,16.000000,17.000000,0.000000
1766619780,16.500000,16.000000,17.000000,0.000000
1766619840,16.500000,16.000000,17.000000,0.000000
1766619900,16.500000,16.000000,17.000000,0.000000
1766619960,16.500000,16.000000,17.000000,0.000000
1766620020,16.500000,16.000000,17.000000,0.000000
1766620080,16.500000,16.000000,17.000000,0.000000
1766620140,16.500000,16.000000,17.000000,0.000000
1766620200,16.500000,16.000000,17.000000,0.000000
1766620260,16.000000,15.000000,17.000000,0.000000
1766620320,16.500000,16.000000,17.000000,0.000000
1766620380,16.500000,16.000000,17.000000,0.000000
1766620440,16.500000,16.000000,17.000000,0.000000
1766620500,16.500000,16.000000,17.000000,0.000000
1766620560,16.500000,16.000000,17.000000,0.000000
1766620620,16.500000,16.000000,17.000000,0.000000
1766620680,16.500000,16.000000,17.000000,0.000000
1766620740,17.000000,16.000000,17.000000,14.000000
1766620800,17.000000,19.000000,26.000000,6.000000
1766620860,25.000000,21.000000,29.000000,0.000000
1766620920,24.500000,21.000000,28.000000,0.000000
1766620980,29.500000,23.000000,36.000000,0.000000
1766621040,26.500000,24.000000,29.000000,0.000000
1766621100,26.000000,22.000000,30.000000,0.000000
1766621160,26.000000,22.000000,30.000000,0.000000
1766621220,25.000000,23.000000,27.000000,0.000000
1766621280,27.500000,23.000000,32.000000,0.000000
1766621340,26.000000,23.000000,29.000000,0.000000
1766621400,25.500000,22.000000,29.000000,0.000000
1766621460,26.500000,24.000000,29.000000,0.000000
1766621520,29.500000,25.000000,34.000000,0.000000
1766621580,26.500000,24.000000,29.000000,0.000000
1766621640,26.500000,24.000000,29.000000,0.000000
1766621700,26.500000,24.000000,29.000000,0.000000
1766621760,28.000000,24.000000,32.000000,0.000000
1766621820,27.000000,25.000000,29.000000,0.000000
1766621880,27.000000,25.000000,29.000000,0.000000
1766621940,26.500000,25.000000,28.000000,0.000000
1766622000,27.000000,25.000000,29.000000,0.000000
1766622060,26.500000,25.000000,28.000000,0.000000
1766622120,26.500000,25.000000,28.000000,0.000000
1766622180,27.500000,26.000000,29.000000,0.000000
1766622240,26.500000,25.000000,28.000000,0.000000
1766622300,27.500000,26.000000,29.000000,0.000000
1766622360,26.500000,25.000000,28.000000,0.000000
1766622420,26.500000,25.000000,28.000000,0.000000
1766622480,25.500000,24.000000,27.000000,0.000000
1766622540,26.000000,24.000000,28.000000,0.000000
1766622600,27.500000,24.000000,31.000000,0.000000
1766622660,26.000000,23.000000,29.000000,0.000000
1766622720,26.500000,23.000000,30.000000,0.000000
1766622780,26.500000,24.000000,29.000000,0.000000
1766622840,26.500000,23.000000,30.000000,0.000000
1766622900,25.500000,23.000000,28.000000,0.000000
1766622960,26.000000,24.000000,28.000000,0.000000
1766623020,26.000000,23.000000,29.000000,0.000000
1766623080,25.000000,23.000000,27.000000,0.000000
1766623140,25.000000,23.000000,27.000000,0.000000
1766623200,25.000000,23.000000,27.000000,0.000000
1766623260,25.000000,23.000000,27.000000,0.000000
1766623320,24.500000,22.000000,27.000000,0.000000
1766623380,26.500000,23.000000,30.000000,0.000000
1766623440,19.000000,19.000000,29.000000,56.000000
1766623500,24.000000,21.000000,27.000000,0.000000
1766623560,24.000000,22.000000,26.000000,0.000000
1766623620,30.000000,29.000000,32.000000,86.000000
1766623680,32.000000,30.000000,34.000000,0.000000
1766623740,33.000000,31.000000,35.000000,0.000000
1766623800,31.500000,31.000000,32.000000,0.000000
1766623860,31.000000,31.000000,33.000000,11.000000
1766623920,35.000000,35.000000,36.000000,38.000000
1766623980,35.000000,31.000000,35.000000,79.000000
1766624040,33.500000,32.000000,35.000000,0.000000
1766624100,34.000000,32.000000,36.000000,0.000000
1766624160,34.500000,33.000000,36.000000,0.000000
1766624220,35.000000,34.000000,36.000000,0.000000
1766624280,35.500000,35.000000,36.000000,0.000000
1766624340,34.500000,34.000000,35.000000,0.000000
1766624400,34.500000,34.000000,35.000000,0.000000
1766624460,35.000000,35.000000,36.000000,2.000000
1766624520,36.000000,35.000000,36.000000,98.000000
1766624580,35.000000,33.000000,35.000000,100.000000
1766624640,34.000000,33.000000,35.000000,0.000000
1766624700,34.000000,33.000000,35.000000,0.000000
1766624760,34.000000,33.000000,35.000000,0.000000
1766624820,34.000000,33.000000,35.000000,0.000000
1766624880,34.000000,33.000000,35.000000,0.000000
1766624940,34.000000,33.000000,35.000000,0.000000
1766625000,35.500000,34.000000,37.000000,0.000000
1766625060,35.500000,34.000000,37.000000,0.000000
1766625120,35.000000,33.000000,37.000000,0.000000
1766625180,36.000000,34.000000,38.000000,0.000000
1766625240,36.500000,35.000000,38.000000,0.000000
1766625300,36.000000,34.000000,38.000000,0.000000
1766625360,33.000000,33.000000,36.000000,100.000000
1766625420,34.000000,33.000000,35.000000,0.000000
1766625480,34.000000,33.000000,35.000000,0.000000
1766625540,31.000000,32.000000,36.000000,229.000000
1766625600,34.000000,32.000000,36.000000,0.000000
1766625660,34.000000,32.000000,36.000000,0.000000
1766625720,34.000000,32.000000,36.000000,0.000000
1766625780,33.000000,31.000000,35.000000,0.000000
1766625840,33.000000,31.000000,35.000000,0.000000
1766625900,33.500000,32.000000,35.000000,0.000000
1766625960,33.500000,32.000000,35.000000,0.000000
1766626020,33.500000,32.000000,35.000000,0.000000
1766626080,34.000000,32.000000,36.000000,0.000000
1766626140,33.500000,31.000000,36.000000,0.000000
1766626200,33.500000,32.000000,35.000000,0.000000
1766626260,34.000000,32.000000,36.000000,0.000000
1766626320,34.000000,32.000000,36.000000,0.000000
1766626380,33.500000,31.000000,36.000000,0.000000
1766626440,34.000000,32.000000,36.000000,0.000000
1766626500,34.000000,32.000000,36.000000,0.000000
1766626560,34.000000,32.000000,36.000000,0.000000
1766626620,34.000000,32.000000,36.000000,0.000000
1766626680,32.500000,29.000000,36.000000,0.000000
1766626740,34.000000,32.000000,36.000000,0.000000
1766626800,34.000000,32.000000,36.000000,0.000000
1766626860,33.000000,30.000000,36.000000,0.000000
1766626920,33.000000,30.000000,36.000000,0.000000
1766626980,34.000000,32.000000,36.000000,0.000000
1766627040,34.000000,32.000000,36.000000,0.000000
1766627100,32.500000,29.000000,36.000000,0.000000
1766627160,34.000000,32.000000,36.000000,0.000000
1766627220,34.500000,33.000000,36.000000,0.000000
1766627280,36.000000,33.000000,36.000000,15.000000
1766627340,34.500000,33.000000,36.000000,0.000000
1766627400,34.500000,33.000000,36.000000,0.000000
1766627460,34.000000,32.000000,36.000000,0.000000
1766627520,34.500000,33.000000,36.000000,0.000000
1766627580,34.500000,33.000000,36.000000,0.000000
1766627640,34.500000,33.000000,36.000000,0.000000
1766627700,34.500000,33.000000,36.000000,0.000000
1766627760,34.500000,33.000000,36.000000,0.000000
1766627820,34.500000,33.000000,36.000000,0.000000
1766627880,34.500000,33.000000,36.000000,0.000000
1766627940,34.500000,33.000000,36.000000,0.000000
1766628000,34.000000,32.000000,36.000000,0.000000
1766628060,34.000000,32.000000,36.000000,0.000000
1766628120,34.000000,32.000000,36.000000,0.000000
1766628180,33.000000,31.000000,35.000000,0.000000
1766628240,34.500000,32.000000,37.000000,0.000000
1766628300,34.000000,32.000000,36.000000,0.000000
1766628360,34.000000,32.000000,36.000000,0.000000
1766628420,34.000000,32.000000,36.000000,0.000000
1766628480,34.500000,32.000000,37.000000,0.000000
1766628540,34.000000,32.000000,36.000000,0.000000
1766628600,32.500000,29.000000,36.000000,0.000000
1766628660,33.500000,31.000000,36.000000,0.000000
1766628720,34.500000,32.000000,37.000000,0.000000
1766628780,34.500000,32.000000,37.000000,0.000000
1766628840,34.000000,32.000000,36.000000,0.000000
1766628900,33.500000,31.000000,36.000000,0.000000
1766628960,33.500000,31.000000,36.000000,0.000000
1766629020,34.500000,32.000000,37.000000,0.000000
1766629080,36.000000,35.000000,37.000000,0.000000
1766629140,36.000000,33.000000,39.000000,0.000000
1766629200,35.500000,33.000000,38.000000,0.000000
1766629260,35.000000,32.000000,38.000000,0.000000
1766629320,35.500000,33.000000,38.000000,0.000000
1766629380,34.500000,32.000000,37.000000,0.000000
1766629440,34.500000,31.000000,38.000000,0.000000
1766629500,34.000000,32.000000,36.000000,0.000000
1766629560,34.500000,32.000000,37.000000,0.000000
1766629620,34.000000,32.000000,36.000000,0.000000
1766629680,34.500000,32.000000,37.000000,0.000000
1766629740,34.000000,32.000000,36.000000,0.000000
1766629800,34.000000,32.000000,36.000000,0.000000
1766629860,34.000000,31.000000,37.000000,0.000000
1766629920,35.500000,34.000000,37.000000,0.000000
1766629980,35.000000,33.000000,37.000000,0.000000
1766630040,35.000000,33.000000,37.000000,0.000000
1766630100,34.000000,32.000000,36.000000,0.000000
1766630160,34.000000,32.000000,36.000000,0.000000
1766630220,33.500000,31.000000,36.000000,0.000000
1766630280,34.000000,32.000000,36.000000,0.000000
1766630340,34.000000,32.000000,36.000000,0.000000
1766630400,35.000000,33.000000,37.000000,0.000000
1766630460,38.000000,33.000000,38.000000,50.000000
1766630520,36.000000,34.000000,38.000000,0.000000
1766630580,36.000000,34.000000,38.000000,0.000000
1766630640,35.500000,33.000000,38.000000,0.000000
1766630700,36.000000,34.000000,38.000000,0.000000
1766630760,36.000000,34.000000,38.000000,0.000000
1766630820,36.000000,34.000000,38.000000,0.000000
1766630880,34.000000,33.000000,34.000000,10.000000
1766630940,32.000000,31.000000,33.000000,0.000000
1766631000,32.000000,31.000000,33.000000,0.000000
1766631060,32.000000,31.000000,33.000000,0.000000
1766631120,32.000000,31.000000,33.000000,0.000000
1766631180,32.000000,31.000000,33.000000,0.000000
1766631240,32.000000,31.000000,33.000000,0.000000
1766631300,32.500000,32.000000,33.000000,0.000000
1766631360,32.500000,32.000000,33.000000,0.000000
1766631420,32.500000,32.000000,33.000000,0.000000
1766631480,32.500000,32.000000,33.000000,0.000000
1766631540,32.500000,32.000000,33.000000,0.000000
1766631600,32.500000,32.000000,33.000000,0.000000
1766631660,32.500000,32.000000,33.000000,0.000000
1766631720,32.500000,32.000000,33.000000,0.000000
1766631780,32.500000,32.000000,33.000000,0.000000
1766631840,32.500000,32.000000,33.000000,0.000000
1766631900,32.500000,32.000000,33.000000,0.000000
1766631960,32.500000,32.000000,33.000000,0.000000
1766632020,31.000000,32.000000,33.000000,21.000000
1766632080,32.500000,32.000000,33.000000,0.000000
1766632140,32.500000,32.000000,33.000000,0.000000
1766632200,32.000000,31.000000,33.000000,0.000000
1766632260,32.000000,31.000000,33.000000,0.000000
1766632320,32.500000,32.000000,33.000000,0.000000
1766632380,32.500000,32.000000,33.000000,0.000000
1766632440,32.500000,32.000000,33.000000,0.000000
1766632500,32.500000,32.000000,33.000000,0.000000
1766632560,32.000000,31.000000,33.000000,0.000000
1766632620,32.500000,32.000000,33.000000,0.000000
1766632680,32.500000,32.000000,33.000000,0.000000
1766632740,32.500000,32.000000,33.000000,0.000000
1766632800,32.000000,31.000000,33.000000,0.000000
1766632860,32.000000,31.000000,33.000000,0.000000
1766632920,32.500000,32.000000,33.000000,0.000000
1766632980,32.500000,32.000000,33.000000,0.000000
1766633040,32.500000,32.000000,33.000000,0.000000
1766633100,32.000000,31.000000,33.000000,0.000000
1766633160,32.500000,32.000000,33.000000,0.000000
1766633220,31.500000,31.000000,32.000000,0.000000
1766633280,30.000000,29.000000,31.000000,0.000000
1766633340,31.000000,30.000000,32.000000,0.000000
1766633400,30.500000,30.000000,31.000000,0.000000
1766633460,30.000000,29.000000,31.000000,0.000000
1766633520,30.500000,30.000000,31.000000,0.000000
1766633580,30.500000,30.000000,31.000000,0.000000
1766633640,30.000000,29.000000,31.000000,0.000000
1766633700,30.500000,29.000000,32.000000,0.000000
1766633760,31.000000,30.000000,32.000000,0.000000
1766633820,30.000000,29.000000,31.000000,0.000000
1766633880,30.000000,29.000000,31.000000,0.000000
1766633940,30.000000,29.000000,31.000000,0.000000
1766634000,30.500000,29.000000,32.000000,0.000000
1766634060,31.000000,30.000000,32.000000,0.000000
1766634120,31.000000,30.000000,32.000000,0.000000
1766634180,30.500000,29.000000,32.000000,0.000000
1766634240,31.000000,30.000000,32.000000,0.000000
1766634300,31.000000,30.000000,32.000000,0.000000
1766634360,31.000000,30.000000,32.000000,0.000000
1766634420,31.000000,30.000000,32.000000,0.000000
1766634480,31.000000,30.000000,32.000000,0.000000
1766634540,31.000000,30.000000,32.000000,0.000000
1766634600,30.500000,29.000000,32.000000,0.000000
1766634660,30.500000,29.000000,32.000000,0.000000
1766634720,32.500000,30.000000,35.000000,0.000000
1766634780,33.000000,31.000000,35.000000,0.000000
1766634840,33.000000,31.000000,35.000000,0.000000
1766634900,34.000000,32.000000,36.000000,0.000000
1766634960,33.500000,32.000000,35.000000,0.000000
1766635020,36.000000,32.000000,37.000000,13.000000
1766635080,35.000000,32.000000,38.000000,0.000000
1766635140,34.500000,31.000000,38.000000,0.000000
1766635200,35.000000,32.000000,38.000000,0.000000
1766635260,34.500000,32.000000,37.000000,0.000000
1766635320,34.500000,32.000000,37.000000,0.000000
1766635380,34.500000,32.000000,37.000000,0.000000
1766635440,40.000000,35.000000,44.000000,362.000000
1766635500,38.500000,32.000000,45.000000,0.000000
1766635560,35.500000,30.000000,41.000000,0.000000
1766635620,39.000000,36.000000,42.000000,0.000000
1766635680,37.500000,35.000000,40.000000,0.000000
1766635740,39.000000,35.000000,43.000000,0.000000
1766635800,37.500000,34.000000,41.000000,0.000000
1766635860,37.500000,35.000000,40.000000,0.000000
1766635920,38.000000,35.000000,41.000000,0.000000
1766635980,42.500000,40.000000,45.000000,0.000000
1766636040,40.500000,40.000000,41.000000,0.000000
1766636100,40.500000,40.000000,41.000000,0.000000
1766636160,40.500000,40.000000,41.000000,0.000000
1766636220,40.500000,40.000000,41.000000,0.000000
1766636280,40.500000,40.000000,41.000000,0.000000
1766636340,40.500000,40.000000,41.000000,0.000000
1766636400,40.500000,40.000000,41.000000,0.000000
1766636460,41.000000,39.000000,41.000000,1.000000
1766636520,41.000000,39.000000,41.000000,6.000000
1766636580,40.000000,39.000000,41.000000,0.000000
1766636640,39.500000,39.000000,40.000000,0.000000
1766636700,39.500000,39.000000,40.000000,0.000000
1766636760,39.500000,39.000000,40.000000,0.000000
1766636820,39.500000,39.000000,40.000000,0.000000
1766636880,39.500000,39.000000,40.000000,0.000000
1766636940,39.500000,39.000000,40.000000,0.000000
1766637000,39.500000,39.000000,40.000000,0.000000
1766637060,39.500000,39.000000,40.000000,0.000000
1766637120,39.500000,39.000000,40.000000,0.000000
1766637180,39.500000,39.000000,40.000000,0.000000
1766637240,41.000000,39.000000,41.000000,23.000000
1766637300,40.000000,39.000000,41.000000,0.000000
1766637360,39.500000,39.000000,40.000000,0.000000
1766637420,39.500000,39.000000,40.000000,0.000000
1766637480,39.500000,39.000000,40.000000,0.000000
1766637540,39.500000,39.000000,40.000000,0.000000
1766637600,39.500000,39.000000,40.000000,0.000000
1766637660,39.500000,39.000000,40.000000,0.000000
1766637720,40.000000,39.000000,40.000000,4.000000
1766637780,41.000000,40.000000,41.000000,4.000000
1766637840,40.500000,40.000000,41.000000,0.000000
1766637960,40.500000,40.000000,41.000000,0.000000
1766638020,40.000000,39.000000,41.000000,0.000000
1766638080,40.500000,40.000000,41.000000,0.000000
1766638140,40.500000,40.000000,41.000000,0.000000
1766638200,40.000000,39.000000,41.000000,0.000000
1766638260,40.000000,39.000000,41.000000,1.000000
1766638320,40.500000,40.000000,41.000000,0.000000
1766638380,41.000000,40.000000,45.000000,13.000000
1766638440,41.000000,41.000000,45.000000,2.000000
1766638500,43.000000,41.000000,45.000000,0.000000
1766638560,43.000000,41.000000,45.000000,0.000000
1766638620,45.000000,40.000000,46.000000,4.000000
1766638680,44.500000,43.000000,46.000000,0.000000
1766638740,42.000000,41.000000,42.000000,1.000000
1766638800,44.000000,40.000000,46.000000,2.000000
1766638860,43.000000,40.000000,46.000000,0.000000
1766638920,48.000000,43.000000,49.000000,163.000000
1766638980,44.500000,40.000000,49.000000,0.000000
1766639040,46.500000,44.000000,49.000000,0.000000
1766639100,44.500000,40.000000,49.000000,0.000000
1766639160,46.500000,40.000000,53.000000,0.000000
1766639220,47.500000,44.000000,51.000000,0.000000
1766639280,48.500000,45.000000,52.000000,0.000000
1766639340,46.500000,43.000000,50.000000,0.000000
1766639400,46.500000,44.000000,49.000000,0.000000
1766639460,46.500000,44.000000,49.000000,0.000000
1766639520,46.500000,44.000000,49.000000,0.000000
1766639580,46.000000,44.000000,48.000000,0.000000
1766639640,46.000000,44.000000,48.000000,0.000000
1766639700,49.000000,41.000000,48.000000,331.000000
1766639760,42.000000,39.000000,44.000000,40.000000
1766639820,39.000000,34.000000,47.000000,175.000000
1766639880,34.500000,32.000000,37.000000,0.000000
1766639940,39.500000,33.000000,46.000000,0.000000
1766640000,36.500000,32.000000,41.000000,0.000000
1766640060,30.000000,30.000000,43.000000,147.000000
1766640120,34.000000,31.000000,37.000000,0.000000
1766640180,32.500000,31.000000,34.000000,0.000000
1766640240,32.000000,31.000000,33.000000,14.000000
1766640300,32.000000,29.000000,35.000000,0.000000
1766640360,31.500000,28.000000,35.000000,0.000000
1766640420,35.000000,28.000000,29.000000,13.000000
1766640480,30.000000,28.000000,32.000000,0.000000
1766640540,31.000000,28.000000,34.000000,0.000000
1766640600,29.500000,28.000000,31.000000,0.000000
1766640660,31.500000,28.000000,35.000000,0.000000
1766640720,35.000000,32.000000,39.000000,5.000000
1766640780,33.500000,28.000000,39.000000,0.000000
1766640840,35.500000,32.000000,39.000000,0.000000
1766640900,33.500000,29.000000,38.000000,0.000000
1766640960,33.500000,29.000000,38.000000,0.000000
1766641020,34.000000,30.000000,38.000000,0.000000
1766641080,32.000000,30.000000,36.000000,11.000000
1766641140,35.000000,30.000000,40.000000,0.000000
1766641200,35.500000,33.000000,38.000000,0.000000
1766641260,31.000000,28.000000,31.000000,4.000000
1766641320,32.500000,28.000000,37.000000,0.000000
1766641380,37.000000,37.000000,38.000000,31.000000
1766641440,40.500000,37.000000,44.000000,0.000000
1766641500,43.000000,41.000000,45.000000,0.000000
1766641560,43.000000,41.000000,45.000000,0.000000
1766641620,44.500000,41.000000,48.000000,0.000000
1766641680,36.500000,33.000000,40.000000,0.000000
1766641740,34.500000,31.000000,38.000000,0.000000
1766641800,33.000000,29.000000,37.000000,0.000000
1766641860,35.000000,28.000000,42.000000,0.000000
1766641920,35.000000,28.000000,42.000000,0.000000
1766641980,35.500000,28.000000,43.000000,0.000000
1766642040,36.500000,33.000000,40.000000,0.000000
1766642100,36.000000,32.000000,40.000000,0.000000
1766642160,35.000000,32.000000,38.000000,0.000000
1766642220,31.500000,30.000000,33.000000,0.000000
1766642280,31.500000,30.000000,33.000000,0.000000
1766642340,30.500000,30.000000,31.000000,0.000000
1766642400,30.000000,28.000000,30.000000,5.000000
1766642460,31.000000,28.000000,30.000000,12.000000
1766642520,31.000000,28.000000,30.000000,9.000000
1766642580,35.000000,38.000000,51.000000,858.000000
1766642640,52.000000,43.000000,53.000000,18.000000
1766642700,48.500000,44.000000,53.000000,0.000000
1766642760,44.000000,37.000000,43.000000,8.000000
1766642820,39.000000,35.000000,43.000000,0.000000
1766642880,35.000000,33.000000,39.000000,34.000000
1766642940,53.000000,39.000000,50.000000,202.000000
1766643000,46.000000,39.000000,53.000000,0.000000
1766643060,46.000000,41.000000,51.000000,0.000000
1766643120,46.500000,43.000000,50.000000,0.000000
1766643180,48.500000,43.000000,54.000000,0.000000
1766643240,48.500000,43.000000,54.000000,0.000000
1766643300,43.000000,37.000000,49.000000,0.000000
1766643360,44.000000,35.000000,53.000000,0.000000
1766643420,42.500000,36.000000,49.000000,0.000000
1766643480,45.000000,41.000000,49.000000,0.000000
1766643540,41.500000,39.000000,44.000000,0.000000
1766643600,41.500000,39.000000,44.000000,0.000000
1766643660,42.500000,41.000000,44.000000,0.000000
1766643720,43.500000,43.000000,44.000000,0.000000
1766643780,43.000000,43.000000,44.000000,5.000000
1766643840,41.500000,39.000000,44.000000,0.000000
1766643900,42.500000,41.000000,44.000000,0.000000
1766643960,42.500000,41.000000,44.000000,0.000000
1766644020,41.000000,40.000000,42.000000,0.000000
1766644080,43.000000,42.000000,44.000000,0.000000
1766644140,42.500000,42.000000,43.000000,0.000000
1766644200,36.500000,32.000000,41.000000,0.000000
1766644260,39.000000,36.000000,42.000000,0.000000
1766644320,33.000000,32.000000,34.000000,0.000000
1766644380,38.000000,38.000000,42.000000,1.000000
1766644440,42.000000,42.000000,43.000000,20.000000
1766644500,42.000000,43.000000,44.000000,8.000000
1766644560,42.000000,32.000000,42.000000,45.000000
1766644620,32.500000,32.000000,33.000000,0.000000
1766644680,35.000000,32.000000,38.000000,0.000000
1766644740,36.000000,32.000000,40.000000,0.000000
1766644800,36.000000,33.000000,39.000000,0.000000
1766644860,38.500000,38.000000,39.000000,0.000000
1766644920,38.000000,34.000000,37.000000,9.000000
1766644980,36.000000,35.000000,37.000000,0.000000
1766645040,36.000000,35.000000,37.000000,0.000000
1766645100,36.000000,35.000000,38.000000,30.000000
1766645160,39.000000,35.000000,39.000000,500.000000
1766645220,37.000000,35.000000,39.000000,0.000000
1766645280,37.000000,32.000000,36.000000,12.000000
1766645340,36.000000,33.000000,36.000000,10.000000
1766645400,31.000000,29.000000,34.000000,126.000000
1766645460,32.000000,33.000000,35.000000,20.000000
1766645520,34.000000,33.000000,35.000000,0.000000
1766645580,36.000000,31.000000,35.000000,266.000000
1766645640,34.500000,34.000000,35.000000,0.000000
1766645700,17.000000,13.000000,19.000000,1154.000000
1766645760,1.000000,0.000000,1.000000,1026.000000
1766645820,1.000000,0.000000,1.000000,32.000000
1766645880,0.500000,0.000000,1.000000,0.000000
1766645940,0.500000,0.000000,1.000000,0.000000
1766646000,0.500000,0.000000,1.000000,0.000000
1766646060,0.500000,0.000000,1.000000,0.000000
1766646120,0.500000,0.000000,1.000000,0.000000
1766646180,0.500000,0.000000,1.000000,0.000000
1766646240,0.500000,0.000000,1.000000,0.000000
1766646300,0.500000,0.000000,1.000000,0.000000
1766646360,0.500000,0.000000,1.000000,0.000000
1766646420,0.500000,0.000000,1.000000,0.000000
1766646480,0.500000,0.000000,1.000000,0.000000
1766646540,0.500000,0.000000,1.000000,0.000000
1766646600,0.500000,0.000000,1.000000,0.000000
1766646660,0.500000,0.000000,1.000000,0.000000
1766646720,0.500000,0.000000,1.000000,0.000000
1766646780,1.000000,0.000000,1.000000,4.000000
1766646840,0.500000,0.000000,1.000000,0.000000
1766646900,1.000000,0.000000,1.000000,750.000000
1766646960,0.500000,0.000000,1.000000,0.000000
1766647020,0.500000,0.000000,1.000000,0.000000
1766647140,0.500000,0.000000,1.000000,0.000000
1766647200,0.500000,0.000000,1.000000,0.000000
1766647260,0.500000,0.000000,1.000000,0.000000
1766647320,0.500000,0.000000,1.000000,0.000000
1766647380,0.500000,0.000000,1.000000,0.000000
1766647440,0.500000,0.000000,1.000000,0.000000
1766647500,0.500000,0.000000,1.000000,0.000000
1766647560,0.500000,0.000000,1.000000,0.000000
1766647620,0.500000,0.000000,1.000000,0.000000
1766647680,0.500000,0.000000,1.000000,0.000000
1766647740,0.500000,0.000000,1.000000,0.000000
1766647800,0.500000,0.000000,1.000000,0.000000
1766647860,0.500000,0.000000,1.000000,0.000000
1766647920,0.500000,0.000000,1.000000,0.000000
1766647980,0.500000,0.000000,1.000000,0.000000
1766648040,0.500000,0.000000,1.000000,0.000000
1766648100,0.500000,0.000000,1.000000,0.000000
1766648160,0.500000,0.000000,1.000000,0.000000
1766648220,0.500000,0.000000,1.000000,0.000000
1766648280,1.000000,0.000000,1.000000,200.000000
1766648340,0.500000,0.000000,1.000000,0.000000
1766648400,0.500000,0.000000,1.000000,0.000000
1766648460,0.500000,0.000000,1.000000,0.000000
1766648520,0.500000,0.000000,1.000000,0.000000
1766648580,0.500000,0.000000,1.000000,0.000000
1766648640,1.000000,0.000000,1.000000,50.000000
1766648700,0.500000,0.000000,1.000000,0.000000
1766648760,0.500000,0.000000,1.000000,0.000000
1766648820,1.000000,0.000000,1.000000,666.000000
1766648880,1.000000,0.000000,1.000000,1333.000000
1766648940,1.000000,0.000000,1.000000,1666.000000
1766649000,0.500000,0.000000,1.000000,0.000000
1766649060,0.500000,0.000000,1.000000,0.000000
1766649120,0.500000,0.000000,1.000000,0.000000
1766649180,0.500000,0.000000,1.000000,0.000000
1766649360,0.500000,0.000000,1.000000,0.000000
1766649420,0.500000,0.000000,1.000000,0.000000
1766649480,0.500000,0.000000,1.000000,0.000000
1766649540,0.500000,0.000000,1.000000,0.000000
1766649600,0.500000,0.000000,1.000000,0.000000
1766649660,0.500000,0.000000,1.000000,0.000000
1766649900,0.500000,0.000000,1.000000,0.000000
1766656860,0.500000,0.000000,1.000000,0.000000
1766656920,0.500000,0.000000,1.000000,0.000000
1766656980,0.500000,0.000000,1.000000,0.000000
1766657040,0.500000,0.000000,1.000000,0.000000
1766657100,1.000000,0.000000,1.000000,25.000000
1766657160,0.500000,0.000000,1.000000,0.000000
1766657220,0.500000,0.000000,1.000000,0.000000
1766657280,0.500000,0.000000,1.000000,0.000000
1766657340,0.500000,0.000000,1.000000,0.000000
1766657400,0.500000,0.000000,1.000000,0.000000
1766657460,0.500000,0.000000,1.000000,0.000000
1766657520,0.500000,0.000000,1.000000,0.000000
1766657580,0.500000,0.000000,1.000000,0.000000
1766657640,0.500000,0.000000,1.000000,0.000000
1766657700,0.500000,0.000000,1.000000,0.000000
1766657760,0.500000,0.000000,1.000000,0.000000
1766657820,0.500000,0.000000,1.000000,0.000000
1766657880,0.500000,0.000000,1.000000,0.000000
1766657940,0.500000,0.000000,1.000000,0.000000
1766658000,0.500000,0.000000,1.000000,0.000000
1766658060,0.500000,0.000000,1.000000,0.000000
1766658120,0.500000,0.000000,1.000000,0.000000
1766658180,0.500000,0.000000,1.000000,0.000000
1766658240,0.500000,0.000000,1.000000,0.000000
1766658300,0.500000,0.000000,1.000000,0.000000
1766658360,0.500000,0.000000,1.000000,0.000000
1766658420,0.500000,0.000000,1.000000,0.000000
1766658480,0.500000,0.000000,1.000000,0.000000
1766658540,1.000000,0.000000,1.000000,9.000000
1766658600,0.500000,0.000000,1.000000,0.000000
1766658660,0.500000,0.000000,1.000000,0.000000
1766658720,0.500000,0.000000,1.000000,0.000000
1766658780,0.500000,0.000000,1.000000,0.000000
1766658840,0.500000,0.000000,1.000000,0.000000
1766658900,0.500000,0.000000,1.000000,0.000000
1766658960,0.500000,0.000000,1.000000,0.000000
1766659020,0.500000,0.000000,1.000000,0.000000
1766659080,0.500000,0.000000,1.000000,0.000000
1766659140,0.500000,0.000000,1.000000,0.000000
1766659200,1.000000,0.000000,1.000000,441.000000
1766659260,0.500000,0.000000,1.000000,0.000000
1766659320,0.500000,0.000000,1.000000,0.000000
1766659380,0.500000,0.000000,1.000000,0.000000
1766659440,0.500000,0.000000,1.000000,0.000000
1766659500,0.500000,0.000000,1.000000,0.000000
1766659560,0.500000,0.000000,1.000000,0.000000
1766659620,0.500000,0.000000,1.000000,0.000000
1766659680,0.500000,0.000000,1.000000,0.000000
1766659740,0.500000,0.000000,1.000000,0.000000
1766659800,0.500000,0.000000,1.000000,0.000000
1766659860,0.500000,0.000000,1.000000,0.000000
1766659920,0.500000,0.000000,1.000000,0.000000
1766659980,0.500000,0.000000,1.000000,0.000000
1766660040,0.500000,0.000000,1.000000,0.000000
1766660100,0.500000,0.000000,1.000000,0.000000
1766660160,0.500000,0.000000,1.000000,0.000000
1766660220,0.500000,0.000000,1.000000,0.000000
1766660280,0.500000,0.000000,1.000000,0.000000
1766660340,0.500000,0.000000,1.000000,0.000000
1766660400,0.500000,0.000000,1.000000,0.000000
1766660460,0.500000,0.000000,1.000000,0.000000
1766660520,0.500000,0.000000,1.000000,0.000000
1766660580,0.500000,0.000000,1.000000,0.000000
1766660640,0.500000,0.000000,1.000000,0.000000
1766660700,0.500000,0.000000,1.000000,0.000000
1766660760,0.500000,0.000000,1.000000,0.000000
1766660820,0.500000,0.000000,1.000000,0.000000
1766660880,1.000000,0.000000,1.000000,93.000000
1766660940,0.500000,0.000000,1.000000,0.000000
1766661000,0.500000,0.000000,1.000000,0.000000
1766661060,0.500000,0.000000,1.000000,0.000000
1766661120,0.500000,0.000000,1.000000,0.000000
1766661180,0.500000,0.000000,1.000000,0.000000
1766661240,0.500000,0.000000,1.000000,0.000000
1766661300,0.500000,0.000000,1.000000,0.000000
1766661360,0.500000,0.000000,1.000000,0.000000
1766661420,0.500000,0.000000,1.000000,0.000000
1766661480,0.500000,0.000000,1.000000,0.000000
1766661540,0.500000,0.000000,1.000000,0.000000
1766661600,0.500000,0.000000,1.000000,0.000000
1766661660,0.500000,0.000000,1.000000,0.000000
1766661720,0.500000,0.000000,1.000000,0.000000
1766661780,0.500000,0.000000,1.000000,0.000000
1766661840,0.500000,0.000000,1.000000,0.000000
1766661900,0.500000,0.000000,1.000000,0.000000
1766661960,0.500000,0.000000,1.000000,0.000000
1766662020,0.500000,0.000000,1.000000,0.000000
1766662080,1.000000,0.000000,1.000000,467.000000
1766662140,0.500000,0.000000,1.000000,0.000000
1766662200,0.500000,0.000000,1.000000,0.000000
1766662260,0.500000,0.000000,1.000000,0.000000
1766662320,0.500000,0.000000,1.000000,0.000000
1766662380,0.500000,0.000000,1.000000,0.000000
1766662440,0.500000,0.000000,1.000000,0.000000
1766662500,0.500000,0.000000,1.000000,0.000000
1766662560,0.500000,0.000000,1.000000,0.000000
1766662620,0.500000,0.000000,1.000000,0.000000
1766662800,0.500000,0.000000,1.000000,0.000000
1766663040,0.500000,0.000000,1.000000,0.000000
1766663100,0.500000,0.000000,1.000000,0.000000
1766663160,0.500000,0.000000,1.000000,0.000000
1766663220,0.500000,0.000000,1.000000,0.000000
1766663280,0.500000,0.000000,1.000000,0.000000
1766663340,0.500000,0.000000,1.000000,0.000000
1766663400,0.500000,0.000000,1.000000,0.000000
1766663460,0.500000,0.000000,1.000000,0.000000
1766663520,0.500000,0.000000,1.000000,0.000000
1766663580,1.000000,0.000000,1.000000,935.000000
1766663640,0.500000,0.000000,1.000000,0.000000
1766663700,0.500000,0.000000,1.000000,0.000000
1766663760,0.500000,0.000000,1.000000,0.000000
1766663820,0.500000,0.000000,1.000000,0.000000
1766663880,0.500000,0.000000,1.000000,0.000000
1766663940,0.500000,0.000000,1.000000,0.000000
1766664000,0.500000,0.000000,1.000000,0.000000
1766664060,0.500000,0.000000,1.000000,0.000000
1766664120,0.500000,0.000000,1.000000,0.000000
1766664180,0.500000,0.000000,1.000000,0.000000
1766664240,0.500000,0.000000,1.000000,0.000000
1766664300,0.500000,0.000000,1.000000,0.000000
1766664360,0.500000,0.000000,1.000000,0.000000
1766664420,0.500000,0.000000,1.000000,0.000000
1766664480,0.500000,0.000000,1.000000,0.000000
1766664540,0.500000,0.000000,1.000000,0.000000
1766664600,0.500000,0.000000,1.000000,0.000000
1766664660,0.500000,0.000000,1.000000,0.000000
1766664720,0.500000,0.000000,1.000000,0.000000
1766664840,0.500000,0.000000,1.000000,0.000000
1766664900,1.000000,0.000000,1.000000,907.000000
1766664960,0.500000,0.000000,1.000000,0.000000
1766665020,0.500000,0.000000,1.000000,0.000000
1766665080,0.500000,0.000000,1.000000,0.000000
1766665320,0.500000,0.000000,1.000000,0.000000
1766665380,0.500000,0.000000,1.000000,0.000000
1766665620,0.500000,0.000000,1.000000,0.000000
1766665860,0.500000,0.000000,1.000000,0.000000
1766665980,1.000000,0.000000,1.000000,33.000000
1766666040,0.500000,0.000000,1.000000,0.000000
1766666340,1.000000,0.000000,1.000000,2337.000000
1766666400,0.500000,0.000000,1.000000,0.000000
1766666580,0.500000,0.000000,1.000000,0.000000
1766666700,0.500000,0.000000,1.000000,0.000000
1766666820,1.000000,0.000000,1.000000,33.000000
1766667120,1.000000,0.000000,1.000000,200.000000
1766667240,1.000000,0.000000,1.000000,333.000000
1766667300,0.500000,0.000000,1.000000,0.000000
1766667360,0.500000,0.000000,1.000000,0.000000
1766667480,0.500000,0.000000,1.000000,0.000000
1766667540,0.500000,0.000000,1.000000,0.000000
1766667720,1.000000,0.000000,1.000000,280.000000
1766668020,0.500000,0.000000,1.000000,0.000000
1766668140,0.500000,0.000000,1.000000,0.000000
1766668200,1.000000,0.000000,1.000000,23.000000
1766668500,0.500000,0.000000,1.000000,0.000000
1766668680,0.500000,0.000000,1.000000,0.000000
1766668740,1.000000,0.000000,1.000000,1402.000000
1766668800,0.500000,0.000000,1.000000,0.000000
1766668920,1.000000,0.000000,1.000000,1402.000000
1766668980,0.500000,0.000000,1.000000,0.000000
1766669040,0.500000,0.000000,1.000000,0.000000
1766669220,0.500000,0.000000,1.000000,0.000000
1766669640,1.000000,0.000000,1.000000,50.000000
1766669760,0.500000,0.000000,1.000000,0.000000
1766669880,1.000000,0.000000,1.000000,187.000000
1766669940,1.000000,0.000000,1.000000,84.000000
1766670060,0.500000,0.000000,1.000000,0.000000
1766670180,0.500000,0.000000,1.000000,0.000000
1766670360,1.000000,0.000000,1.000000,1.000000
1766670420,1.000000,0.000000,1.000000,4488.000000
1766670540,0.500000,0.000000,1.000000,0.000000
1766670660,1.000000,0.000000,1.000000,352.000000
1766670720,1.000000,0.000000,1.000000,176.000000
1766670900,1.000000,0.000000,1.000000,935.000000
1766670960,0.500000,0.000000,1.000000,0.000000
1766671020,0.500000,0.000000,1.000000,0.000000
1766671260,0.500000,0.000000,1.000000,0.000000
1766671320,0.500000,0.000000,1.000000,0.000000
1766671380,1.000000,0.000000,1.000000,935.000000
1766671560,0.500000,0.000000,1.000000,0.000000
1766671740,1.000000,0.000000,1.000000,500.000000
1766671920,1.000000,0.000000,1.000000,187.000000
1766672160,1.000000,0.000000,1.000000,93.000000
1766672280,1.000000,0.000000,1.000000,9351.000000
1766672340,1.000000,0.000000,1.000000,466.000000
1766672400,1.000000,0.000000,1.000000,187.000000
1766672520,0.500000,0.000000,1.000000,0.000000
1766672640,1.000000,0.000000,1.000000,935.000000
1766672700,0.500000,0.000000,1.000000,0.000000
1766672760,0.500000,0.000000,1.000000,0.000000
1766672880,0.500000,0.000000,1.000000,0.000000
1766672940,1.000000,0.000000,1.000000,33.000000
1766673000,0.500000,0.000000,1.000000,0.000000
1766673060,1.000000,0.000000,1.000000,93.000000
1766673120,0.500000,0.000000,1.000000,0.000000
1766673240,1.000000,0.000000,1.000000,420.000000
1766673300,0.500000,0.000000,1.000000,0.000000
1766673360,0.500000,0.000000,1.000000,0.000000
1766673480,1.000000,0.000000,1.000000,66.000000
1766673600,0.500000,0.000000,1.000000,0.000000
1766673720,0.500000,0.000000,1.000000,0.000000
1766673840,0.500000,0.000000,1.000000,0.000000
1766673900,0.500000,0.000000,1.000000,0.000000
1766673960,0.500000,0.000000,1.000000,0.000000
1766674080,0.500000,0.000000,1.000000,0.000000
1766674140,0.500000,0.000000,1.000000,0.000000
1766674200,0.500000,0.000000,1.000000,0.000000
1766674260,0.500000,0.000000,1.000000,0.000000
1766674320,1.000000,0.000000,1.000000,93.000000
1766674440,0.500000,0.000000,1.000000,0.000000
1766674500,1.000000,0.000000,1.000000,93.000000
1766674560,0.500000,0.000000,1.000000,0.000000
1766674620,1.000000,0.000000,1.000000,93.000000
1766674680,0.500000,0.000000,1.000000,0.000000
1766674800,0.500000,0.000000,1.000000,0.000000
1766674860,0.500000,0.000000,1.000000,0.000000
1766674920,1.000000,0.000000,1.000000,100.000000
1766674980,0.500000,0.000000,1.000000,0.000000
1766675040,0.500000,0.000000,1.000000,0.000000
1766675100,0.500000,0.000000,1.000000,0.000000
1766675160,1.000000,0.000000,1.000000,4.000000
1766675280,0.500000,0.000000,1.000000,0.000000
1766675340,0.500000,0.000000,1.000000,0.000000
1766675400,0.500000,0.000000,1.000000,0.000000
1766675520,0.500000,0.000000,1.000000,0.000000
1766675640,0.500000,0.000000,1.000000,0.000000
1766675760,0.500000,0.000000,1.000000,0.000000
1766675820,0.500000,0.000000,1.000000,0.000000
1766675880,0.500000,0.000000,1.000000,0.000000
1766675940,0.500000,0.000000,1.000000,0.000000
1766676000,1.000000,0.000000,1.000000,271.000000
1766676120,0.500000,0.000000,1.000000,0.000000
1766676180,0.500000,0.000000,1.000000,0.000000
1766676240,0.500000,0.000000,1.000000,0.000000
1766676300,0.500000,0.000000,1.000000,0.000000
1766676360,0.500000,0.000000,1.000000,0.000000
1766676480,0.500000,0.000000,1.000000,0.000000
1766676540,0.500000,0.000000,1.000000,0.000000
1766676600,0.500000,0.000000,1.000000,0.000000
1766676660,1.000000,0.000000,1.000000,5143.000000
1766676720,0.500000,0.000000,1.000000,0.000000
1766676780,0.500000,0.000000,1.000000,0.000000
1766676840,1.000000,0.000000,1.000000,467.000000
1766676900,0.500000,0.000000,1.000000,0.000000
1766676960,0.500000,0.000000,1.000000,0.000000
1766677020,1.000000,0.000000,1.000000,93.000000
1766677080,0.500000,0.000000,1.000000,0.000000
1766677140,0.500000,0.000000,1.000000,0.000000
1766677200,0.500000,0.000000,1.000000,0.000000
1766677260,0.500000,0.000000,1.000000,0.000000
1766677320,0.500000,0.000000,1.000000,0.000000
1766677440,0.500000,0.000000,1.000000,0.000000
1766677560,0.500000,0.000000,1.000000,0.000000
1766677620,0.500000,0.000000,1.000000,0.000000
1766677680,0.500000,0.000000,1.000000,0.000000
1766677740,0.500000,0.000000,1.000000,0.000000
1766677800,0.500000,0.000000,1.000000,0.000000
1766677920,0.500000,0.000000,1.000000,0.000000
1766677980,0.500000,0.000000,1.000000,0.000000
1766678040,0.500000,0.000000,1.000000,0.000000
1766678100,0.500000,0.000000,1.000000,0.000000
1766678160,0.500000,0.000000,1.000000,0.000000
1766678280,0.500000,0.000000,1.000000,0.000000
1766678340,0.500000,0.000000,1.000000,0.000000
1766678400,0.500000,0.000000,1.000000,0.000000
1766678460,0.500000,0.000000,1.000000,0.000000
1766678520,0.500000,0.000000,1.000000,0.000000
1766678580,0.500000,0.000000,1.000000,0.000000
1766678640,1.000000,0.000000,1.000000,607.000000
1766678700,0.500000,0.000000,1.000000,0.000000
1766678760,0.500000,0.000000,1.000000,0.000000
1766678880,0.500000,0.000000,1.000000,0.000000
1766678940,0.500000,0.000000,1.000000,0.000000
1766679000,1.000000,0.000000,1.000000,560.000000
1766679120,0.500000,0.000000,1.000000,0.000000
1766679180,0.500000,0.000000,1.000000,0.000000
1766679240,0.500000,0.000000,1.000000,0.000000
1766679360,0.500000,0.000000,1.000000,0.000000
1766679420,0.500000,0.000000,1.000000,0.000000
1766679480,0.500000,0.000000,1.000000,0.000000
1766679600,0.500000,0.000000,1.000000,0.000000
1766679660,1.000000,0.000000,1.000000,200.000000
1766679720,0.500000,0.000000,1.000000,0.000000
1766679780,0.500000,0.000000,1.000000,0.000000
1766679840,0.500000,0.000000,1.000000,0.000000
1766679960,0.500000,0.000000,1.000000,0.000000
1766680080,0.500000,0.000000,1.000000,0.000000
1766680140,0.500000,0.000000,1.000000,0.000000
1766680200,0.500000,0.000000,1.000000,0.000000
1766680260,0.500000,0.000000,1.000000,0.000000
1766680320,0.500000,0.000000,1.000000,0.000000
1766680380,0.500000,0.000000,1.000000,0.000000
1766680440,0.500000,0.000000,1.000000,0.000000
1766680500,0.500000,0.000000,1.000000,0.000000
1766680560,1.000000,0.000000,1.000000,100.000000
1766680620,0.500000,0.000000,1.000000,0.000000
1766680680,1.000000,0.000000,1.000000,93.000000
1766680800,0.500000,0.000000,1.000000,0.000000
1766680860,0.500000,0.000000,1.000000,0.000000
1766680920,0.500000,0.000000,1.000000,0.000000
1766680980,0.500000,0.000000,1.000000,0.000000
1766681040,0.500000,0.000000,1.000000,0.000000
1766681100,0.500000,0.000000,1.000000,0.000000
1766681160,0.500000,0.000000,1.000000,0.000000
1766681220,0.500000,0.000000,1.000000,0.000000
1766681280,0.500000,0.000000,1.000000,0.000000
1766681340,0.500000,0.000000,1.000000,0.000000
1766681400,0.500000,0.000000,1.000000,0.000000
1766681520,0.500000,0.000000,1.000000,0.000000
1766681580,0.500000,0.000000,1.000000,0.000000
1766681640,0.500000,0.000000,1.000000,0.000000
1766681700,0.500000,0.000000,1.000000,0.000000
1766681760,1.000000,0.000000,1.000000,935.000000
1766681820,0.500000,0.000000,1.000000,0.000000
1766681880,0.500000,0.000000,1.000000,0.000000
1766681940,0.500000,0.000000,1.000000,0.000000
1766682000,0.500000,0.000000,1.000000,0.000000
1766682060,0.500000,0.000000,1.000000,0.000000
1766682120,0.500000,0.000000,1.000000,0.000000
1766682180,1.000000,0.000000,1.000000,93.000000
1766682240,1.000000,0.000000,1.000000,333.000000
1766682300,0.500000,0.000000,1.000000,0.000000
1766682360,0.500000,0.000000,1.000000,0.000000
1766682420,0.500000,0.000000,1.000000,0.000000
1766682480,0.500000,0.000000,1.000000,0.000000
1766682540,0.500000,0.000000,1.000000,0.000000
1766682600,0.500000,0.000000,1.000000,0.000000
1766682660,0.500000,0.000000,1.000000,0.000000
1766682720,0.500000,0.000000,1.000000,0.000000
1766682960,1.000000,0.000000,1.000000,50.000000
1766683020,0.500000,0.000000,1.000000,0.000000
1766683080,0.500000,0.000000,1.000000,0.000000
1766683140,0.500000,0.000000,1.000000,0.000000
1766683200,1.000000,0.000000,1.000000,74.000000
1766683260,1.000000,0.000000,1.000000,166.000000
1766683320,1.000000,0.000000,1.000000,46.000000
1766683380,1.000000,0.000000,1.000000,467.000000
1766683440,1.000000,0.000000,1.000000,186.000000
1766683500,0.500000,0.000000,1.000000,0.000000
1766683560,0.500000,0.000000,1.000000,0.000000
1766683620,0.500000,0.000000,1.000000,0.000000
1766683680,0.500000,0.000000,1.000000,0.000000
1766683740,1.000000,0.000000,1.000000,935.000000
1766683800,0.500000,0.000000,1.000000,0.000000
1766683860,0.500000,0.000000,1.000000,0.000000
1766683920,0.500000,0.000000,1.000000,0.000000
1766684040,0.500000,0.000000,1.000000,0.000000
1766684100,0.500000,0.000000,1.000000,0.000000
1766684160,0.500000,0.000000,1.000000,0.000000
1766684340,1.000000,0.000000,1.000000,116.000000
1766684400,0.500000,0.000000,1.000000,0.000000
1766684460,0.500000,0.000000,1.000000,0.000000
1766684520,1.000000,0.000000,1.000000,93.000000
1766684580,0.500000,0.000000,1.000000,0.000000
1766684640,0.500000,0.000000,1.000000,0.000000
1766684700,1.000000,0.000000,1.000000,166.000000
1766684760,1.000000,0.000000,1.000000,280.000000
1766684820,1.000000,0.000000,1.000000,935.000000
1766684880,1.000000,0.000000,1.000000,66.000000
1766685120,0.500000,0.000000,1.000000,0.000000
1766685300,0.500000,0.000000,1.000000,0.000000
1766685360,0.500000,0.000000,1.000000,0.000000
1766685480,0.500000,0.000000,1.000000,0.000000
1766685540,0.500000,0.000000,1.000000,0.000000
1766685660,1.000000,0.000000,1.000000,187.000000
1766685720,0.500000,0.000000,1.000000,0.000000
1766685780,0.500000,0.000000,1.000000,0.000000
1766685840,1.000000,0.000000,1.000000,33.000000
1766685900,0.500000,0.000000,1.000000,0.000000
1766685960,0.500000,0.000000,1.000000,0.000000
1766686020,0.500000,0.000000,1.000000,0.000000
1766686080,0.500000,0.000000,1.000000,0.000000
1766686200,0.500000,0.000000,1.000000,0.000000
1766686320,0.500000,0.000000,1.000000,0.000000
1766686380,0.500000,0.000000,1.000000,0.000000
1766686440,1.000000,0.000000,1.000000,333.000000
1766686620,1.000000,0.000000,1.000000,33.000000
1766686680,1.000000,0.000000,1.000000,935.000000
1766686860,0.500000,0.000000,1.000000,0.000000
1766686980,0.500000,0.000000,1.000000,0.000000
1766687040,0.500000,0.000000,1.000000,0.000000
1766687100,1.000000,0.000000,1.000000,93.000000
1766687220,0.500000,0.000000,1.000000,0.000000
1766687280,0.500000,0.000000,1.000000,0.000000
1766687520,0.500000,0.000000,1.000000,0.000000
1766687580,0.500000,0.000000,1.000000,0.000000
1766687640,1.000000,0.000000,1.000000,935.000000
1766687700,0.500000,0.000000,1.000000,0.000000
1766687760,0.500000,0.000000,1.000000,0.000000
1766687820,0.500000,0.000000,1.000000,0.000000
1766688060,0.500000,0.000000,1.000000,0.000000
1766688120,1.000000,0.000000,1.000000,33.000000
1766688180,0.500000,0.000000,1.000000,0.000000
1766688240,1.000000,0.000000,1.000000,250.000000
1766688300,1.000000,0.000000,1.000000,250.000000
1766688360,0.500000,0.000000,1.000000,0.000000
1766688420,0.500000,0.000000,1.000000,0.000000
1766688480,0.500000,0.000000,1.000000,0.000000
1766688540,0.500000,0.000000,1.000000,0.000000
1766688660,1.000000,0.000000,1.000000,1035.000000
1766688720,0.500000,0.000000,1.000000,0.000000
1766688780,0.500000,0.000000,1.000000,0.000000
1766688840,0.500000,0.000000,1.000000,0.000000
1766688900,0.500000,0.000000,1.000000,0.000000
1766688960,0.500000,0.000000,1.000000,0.000000
1766689020,0.500000,0.000000,1.000000,0.000000
1766689080,0.500000,0.000000,1.000000,0.000000
1766689140,1.000000,0.000000,1.000000,187.000000
1766689200,0.500000,0.000000,1.000000,0.000000
1766689260,0.500000,0.000000,1.000000,0.000000
1766689320,0.500000,0.000000,1.000000,0.000000
1766689440,0.500000,0.000000,1.000000,0.000000
1766689500,0.500000,0.000000,1.000000,0.000000
1766689620,0.500000,0.000000,1.000000,0.000000
1766689800,0.500000,0.000000,1.000000,0.000000
1766689860,0.500000,0.000000,1.000000,0.000000
1766689920,0.500000,0.000000,1.000000,0.000000
1766689980,0.500000,0.000000,1.000000,0.000000
1766690040,0.500000,0.000000,1.000000,0.000000
1766690100,0.500000,0.000000,1.000000,0.000000
1766690160,0.500000,0.000000,1.000000,0.000000
1766690220,0.500000,0.000000,1.000000,0.000000
1766690280,0.500000,0.000000,1.000000,0.000000
1766690340,0.500000,0.000000,1.000000,0.000000
1766690400,1.000000,0.000000,1.000000,93.000000
1766690460,0.500000,0.000000,1.000000,0.000000
1766690580,1.000000,0.000000,1.000000,935.000000
1766690640,1.000000,0.000000,1.000000,1072.000000
1766690700,1.000000,0.000000,1.000000,935.000000
1766690820,0.500000,0.000000,1.000000,0.000000
1766690880,0.500000,0.000000,1.000000,0.000000
1766690940,1.000000,0.000000,1.000000,21.000000
1766691000,0.500000,0.000000,1.000000,0.000000
1766691120,1.000000,0.000000,1.000000,916.000000
1766691180,1.000000,0.000000,1.000000,935.000000
1766691240,0.500000,0.000000,1.000000,0.000000
1766691300,0.500000,0.000000,1.000000,0.000000
1766691360,0.500000,0.000000,1.000000,0.000000
1766691420,0.500000,0.000000,1.000000,0.000000
1766691480,0.500000,0.000000,1.000000,0.000000
1766691540,0.500000,0.000000,1.000000,0.000000
1766691600,1.000000,0.000000,1.000000,225.000000
1766691660,0.500000,0.000000,1.000000,0.000000
1766691780,0.500000,0.000000,1.000000,0.000000
1766691840,0.500000,0.000000,1.000000,0.000000
1766691900,0.500000,0.000000,1.000000,0.000000
1766691960,1.000000,0.000000,1.000000,93.000000
1766692020,0.500000,0.000000,1.000000,0.000000
1766692080,0.500000,0.000000,1.000000,0.000000
1766692140,0.500000,0.000000,1.000000,0.000000
1766692200,1.000000,0.000000,1.000000,233.000000
1766692260,1.000000,0.000000,1.000000,419.000000
1766692320,1.000000,0.000000,1.000000,33.000000
1766692380,0.500000,0.000000,1.000000,0.000000
1766692440,0.500000,0.000000,1.000000,0.000000
1766692500,0.500000,0.000000,1.000000,0.000000
1766692560,0.500000,0.000000,1.000000,0.000000
1766692680,0.500000,0.000000,1.000000,0.000000
1766692740,0.500000,0.000000,1.000000,0.000000
1766692800,0.500000,0.000000,1.000000,0.000000
1766692860,0.500000,0.000000,1.000000,0.000000
1766692920,0.500000,0.000000,1.000000,0.000000
1766692980,0.500000,0.000000,1.000000,0.000000
1766693160,0.500000,0.000000,1.000000,0.000000
1766693220,0.500000,0.000000,1.000000,0.000000
1766693280,1.000000,0.000000,1.000000,448.000000
1766693340,0.500000,0.000000,1.000000,0.000000
1766693520,0.500000,0.000000,1.000000,0.000000
1766693580,0.500000,0.000000,1.000000,0.000000
1766693760,1.000000,0.000000,1.000000,467.000000
1766693880,0.500000,0.000000,1.000000,0.000000
1766693940,0.500000,0.000000,1.000000,0.000000
1766694000,0.500000,0.000000,1.000000,0.000000
1766694060,1.000000,0.000000,1.000000,166.000000
1766694180,0.500000,0.000000,1.000000,0.000000
1766694240,0.500000,0.000000,1.000000,0.000000
1766694300,0.500000,0.000000,1.000000,0.000000
1766694360,0.500000,0.000000,1.000000,0.000000
1766694420,1.000000,0.000000,1.000000,187.000000
1766694480,0.500000,0.000000,1.000000,0.000000
1766694540,1.000000,0.000000,1.000000,100.000000
1766694600,1.000000,0.000000,1.000000,187.000000
1766694720,0.500000,0.000000,1.000000,0.000000
1766694780,0.500000,0.000000,1.000000,0.000000
1766694840,0.500000,0.000000,1.000000,0.000000
1766694900,1.000000,0.000000,1.000000,333.000000
1766694960,0.500000,0.000000,1.000000,0.000000
1766695020,0.500000,0.000000,1.000000,0.000000
1766695080,0.500000,0.000000,1.000000,0.000000
1766695140,0.500000,0.000000,1.000000,0.000000
1766695320,0.500000,0.000000,1.000000,0.000000
1766695380,0.500000,0.000000,1.000000,0.000000
1766695440,0.500000,0.000000,1.000000,0.000000
1766695500,0.500000,0.000000,1.000000,0.000000
1766695560,0.500000,0.000000,1.000000,0.000000
1766695620,0.500000,0.000000,1.000000,0.000000
1766695680,0.500000,0.000000,1.000000,0.000000
1766695740,0.500000,0.000000,1.000000,0.000000
1766695800,0.500000,0.000000,1.000000,0.000000
1766695860,0.500000,0.000000,1.000000,0.000000
1766695920,0.500000,0.000000,1.000000,0.000000
1766695980,0.500000,0.000000,1.000000,0.000000
1766696040,0.500000,0.000000,1.000000,0.000000
1766696100,0.500000,0.000000,1.000000,0.000000
1766696160,0.500000,0.000000,1.000000,0.000000
1766696220,0.500000,0.000000,1.000000,0.000000
1766696340,0.500000,0.000000,1.000000,0.000000
1766696400,0.500000,0.000000,1.000000,0.000000
1766696460,0.500000,0.000000,1.000000,0.000000
1766696520,0.500000,0.000000,1.000000,0.000000
1766696580,1.000000,0.000000,1.000000,33.000000
1766696760,0.500000,0.000000,1.000000,0.000000
1766696880,0.500000,0.000000,1.000000,0.000000
1766696940,0.500000,0.000000,1.000000,0.000000
1766697060,0.500000,0.000000,1.000000,0.000000
1766697120,0.500000,0.000000,1.000000,0.000000
1766697180,1.000000,0.000000,1.000000,935.000000
1766697240,1.000000,0.000000,1.000000,98.000000
1766697300,0.500000,0.000000,1.000000,0.000000
1766697360,0.500000,0.000000,1.000000,0.000000
1766697420,0.500000,0.000000,1.000000,0.000000
1766697540,0.500000,0.000000,1.000000,0.000000
1766697600,0.500000,0.000000,1.000000,0.000000
1766697660,1.000000,0.000000,1.000000,666.000000
1766697720,1.000000,0.000000,1.000000,935.000000
1766697780,0.500000,0.000000,1.000000,0.000000
1766697840,0.500000,0.000000,1.000000,0.000000
1766697900,0.500000,0.000000,1.000000,0.000000
1766697960,1.000000,0.000000,1.000000,93.000000
1766698020,1.000000,0.000000,1.000000,133.000000
1766698080,0.500000,0.000000,1.000000,0.000000
1766698140,0.500000,0.000000,1.000000,0.000000
1766698260,0.500000,0.000000,1.000000,0.000000
1766698320,0.500000,0.000000,1.000000,0.000000
1766698380,1.000000,0.000000,1.000000,166.000000
1766698440,1.000000,0.000000,1.000000,66.000000
1766698500,1.000000,0.000000,1.000000,53.000000
1766698560,0.500000,0.000000,1.000000,0.000000
1766698620,0.500000,0.000000,1.000000,0.000000
1766698680,0.500000,0.000000,1.000000,0.000000
1766698740,0.500000,0.000000,1.000000,0.000000
1766698800,1.000000,0.000000,1.000000,750.000000
1766698920,0.500000,0.000000,1.000000,0.000000
1766698980,0.500000,0.000000,1.000000,0.000000
1766699040,0.500000,0.000000,1.000000,0.000000
1766699100,0.500000,0.000000,1.000000,0.000000
1766699160,0.500000,0.000000,1.000000,0.000000
1766699220,1.000000,0.000000,1.000000,561.000000
1766699280,0.500000,0.000000,1.000000,0.000000
1766699340,0.500000,0.000000,1.000000,0.000000
1766699400,0.500000,0.000000,1.000000,0.000000
1766699460,0.500000,0.000000,1.000000,0.000000
1766699520,0.500000,0.000000,1.000000,0.000000
1766699580,0.500000,0.000000,1.000000,0.000000
1766699640,0.500000,0.000000,1.000000,0.000000
1766699700,0.500000,0.000000,1.000000,0.000000
1766699760,0.500000,0.000000,1.000000,0.000000
1766699820,1.000000,0.000000,1.000000,454.000000
1766699880,0.500000,0.000000,1.000000,0.000000
1766699940,0.500000,0.000000,1.000000,0.000000
1766700000,0.500000,0.000000,1.000000,0.000000
1766700060,1.000000,0.000000,1.000000,66.000000
1766700180,1.000000,0.000000,1.000000,132.000000
1766700240,1.000000,0.000000,1.000000,467.000000
1766700300,1.000000,0.000000,1.000000,187.000000
1766700360,1.000000,0.000000,1.000000,261.000000
1766700420,1.000000,0.000000,1.000000,333.000000
1766700480,0.500000,0.000000,1.000000,0.000000
1766700540,0.500000,0.000000,1.000000,0.000000
1766700600,0.500000,0.000000,1.000000,0.000000
1766700720,1.000000,0.000000,1.000000,93.000000
1766700780,0.500000,0.000000,1.000000,0.000000
1766700840,1.000000,0.000000,1.000000,100.000000
1766700900,0.500000,0.000000,1.000000,0.000000
1766700960,0.500000,0.000000,1.000000,0.000000
1766701020,0.500000,0.000000,1.000000,0.000000
1766701140,0.500000,0.000000,1.000000,0.000000
1766701200,0.500000,0.000000,1.000000,0.000000
1766701260,0.500000,0.000000,1.000000,0.000000
1766701320,0.500000,0.000000,1.000000,0.000000
1766701380,0.500000,0.000000,1.000000,0.000000
1766701440,0.500000,0.000000,1.000000,0.000000
1766701500,0.500000,0.000000,1.000000,0.000000
1766701620,0.500000,0.000000,1.000000,0.000000
1766701680,0.500000,0.000000,1.000000,0.000000
1766701740,0.500000,0.000000,1.000000,0.000000
1766701800,1.000000,0.000000,1.000000,93.000000
1766701860,0.500000,0.000000,1.000000,0.000000
1766701920,0.500000,0.000000,1.000000,0.000000
1766701980,0.500000,0.000000,1.000000,0.000000
1766702040,1.000000,0.000000,1.000000,166.000000
1766702100,1.000000,0.000000,1.000000,935.000000
1766702160,0.500000,0.000000,1.000000,0.000000
1766702220,0.500000,0.000000,1.000000,0.000000
1766702340,0.500000,0.000000,1.000000,0.000000
1766702400,0.500000,0.000000,1.000000,0.000000
1766702520,0.500000,0.000000,1.000000,0.000000
1766702700,1.000000,0.000000,1.000000,2805.000000
1766702760,0.500000,0.000000,1.000000,0.000000
1766702820,0.500000,0.000000,1.000000,0.000000
1766702880,0.500000,0.000000,1.000000,0.000000
1766703000,0.500000,0.000000,1.000000,0.000000
1766703060,0.500000,0.000000,1.000000,0.000000
1766703120,0.500000,0.000000,1.000000,0.000000
1766703180,0.500000,0.000000,1.000000,0.000000
1766703240,0.500000,0.000000,1.000000,0.000000
1766703300,1.000000,0.000000,1.000000,18415.000000
1766703360,1.000000,0.000000,1.000000,1870.000000
1766703420,0.500000,0.000000,1.000000,0.000000
1766703540,0.500000,0.000000,1.000000,0.000000
1766703660,1.000000,0.000000,1.000000,374.000000
1766703720,0.500000,0.000000,1.000000,0.000000
1766703780,0.500000,0.000000,1.000000,0.000000
1766703840,0.500000,0.000000,1.000000,0.000000
1766703900,0.500000,0.000000,1.000000,0.000000
1766703960,0.500000,0.000000,1.000000,0.000000
1766704080,0.500000,0.000000,1.000000,0.000000
1766704140,0.500000,0.000000,1.000000,0.000000
1766704200,0.500000,0.000000,1.000000,0.000000
1766704440,0.500000,0.000000,1.000000,0.000000
1766704500,0.500000,0.000000,1.000000,0.000000
1766704560,0.500000,0.000000,1.000000,0.000000
1766704620,0.500000,0.000000,1.000000,0.000000
1766704680,0.500000,0.000000,1.000000,0.000000
1766704740,0.500000,0.000000,1.000000,0.000000
1766704800,0.500000,0.000000,1.000000,0.000000
1766704860,0.500000,0.000000,1.000000,0.000000
1766704920,0.500000,0.000000,1.000000,0.000000
1766704980,0.500000,0.000000,1.000000,0.000000
1766705100,0.500000,0.000000,1.000000,0.000000
1766705160,0.500000,0.000000,1.000000,0.000000
1766705220,0.500000,0.000000,1.000000,0.000000
1766705280,0.500000,0.000000,1.000000,0.000000
1766705340,0.500000,0.000000,1.000000,0.000000
1766705460,0.500000,0.000000,1.000000,0.000000
1766705520,0.500000,0.000000,1.000000,0.000000
1766705580,0.500000,0.000000,1.000000,0.000000
1766705640,0.500000,0.000000,1.000000,0.000000
1766705700,0.500000,0.000000,1.000000,0.000000
1766705760,0.500000,0.000000,1.000000,0.000000
1766705880,0.500000,0.000000,1.000000,0.000000
1766705940,0.500000,0.000000,1.000000,0.000000
1766706000,0.500000,0.000000,1.000000,0.000000
1766706060,0.500000,0.000000,1.000000,0.000000
1766706120,0.500000,0.000000,1.000000,0.000000
1766706180,0.500000,0.000000,1.000000,0.000000
1766706240,0.500000,0.000000,1.000000,0.000000
1766706300,0.500000,0.000000,1.000000,0.000000
1766706360,0.500000,0.000000,1.000000,0.000000
1766706420,0.500000,0.000000,1.000000,0.000000
1766706480,0.500000,0.000000,1.000000,0.000000
1766706540,0.500000,0.000000,1.000000,0.000000
1766706600,0.500000,0.000000,1.000000,0.000000
1766706660,0.500000,0.000000,1.000000,0.000000
1766706720,0.500000,0.000000,1.000000,0.000000
1766706780,0.500000,0.000000,1.000000,0.000000
1766706840,0.500000,0.000000,1.000000,0.000000
1766706900,1.000000,0.000000,1.000000,1028.000000
1766706960,0.500000,0.000000,1.000000,0.000000
1766707020,0.500000,0.000000,1.000000,0.000000
1766707080,0.500000,0.000000,1.000000,0.000000
1766707140,0.500000,0.000000,1.000000,0.000000
1766707200,0.500000,0.000000,1.000000,0.000000
1766707260,0.500000,0.000000,1.000000,0.000000
1766707320,0.500000,0.000000,1.000000,0.000000
1766707380,0.500000,0.000000,1.000000,0.000000
1766707500,0.500000,0.000000,1.000000,0.000000
1766707560,0.500000,0.000000,1.000000,0.000000
1766707620,0.500000,0.000000,1.000000,0.000000
1766707680,0.500000,0.000000,1.000000,0.000000
1766707740,0.500000,0.000000,1.000000,0.000000
1766707800,0.500000,0.000000,1.000000,0.000000
1766707860,0.500000,0.000000,1.000000,0.000000
1766707920,0.500000,0.000000,1.000000,0.000000
1766707980,1.000000,0.000000,1.000000,935.000000
1766708040,0.500000,0.000000,1.000000,0.000000
1766708100,1.000000,0.000000,1.000000,467.000000
1766708160,0.500000,0.000000,1.000000,0.000000
1766708220,0.500000,0.000000,1.000000,0.000000
1766708280,0.500000,0.000000,1.000000,0.000000
1766708460,0.500000,0.000000,1.000000,0.000000
1766708520,0.500000,0.000000,1.000000,0.000000
1766708640,0.500000,0.000000,1.000000,0.000000
1766708700,0.500000,0.000000,1.000000,0.000000
1766708760,0.500000,0.000000,1.000000,0.000000
1766708820,0.500000,0.000000,1.000000,0.000000
1766708880,0.500000,0.000000,1.000000,0.000000
1766708940,0.500000,0.000000,1.000000,0.000000
1766709000,0.500000,0.000000,1.000000,0.000000
1766709060,1.000000,0.000000,1.000000,467.000000
1766709120,1.000000,0.000000,1.000000,626.000000
1766709180,0.500000,0.000000,1.000000,0.000000
1766709240,1.000000,0.000000,1.000000,308.000000
1766709480,0.500000,0.000000,1.000000,0.000000
1766709540,0.500000,0.000000,1.000000,0.000000
1766709600,0.500000,0.000000,1.000000,0.000000
1766709660,0.500000,0.000000,1.000000,0.000000
1766709720,1.000000,0.000000,1.000000,187.000000
1766709780,0.500000,0.000000,1.000000,0.000000
1766709900,0.500000,0.000000,1.000000,0.000000
1766709960,0.500000,0.000000,1.000000,0.000000
1766710020,0.500000,0.000000,1.000000,0.000000
1766710080,0.500000,0.000000,1.000000,0.000000
1766710200,0.500000,0.000000,1.000000,0.000000
1766710320,0.500000,0.000000,1.000000,0.000000
1766710560,0.500000,0.000000,1.000000,0.000000
1766710620,0.500000,0.000000,1.000000,0.000000
1766710740,0.500000,0.000000,1.000000,0.000000
